SL No,Station ID,Station,District,Upazila,Latitude,Longitude,First Date,Last Date,Dist_to_BMD_km
1,CL501,Bagerhat,Bagerhat,Bagerhat Sadar,22.6507,89.8024,2022-09-13,2025-10-04,29.166951405724497
2,CL511,Mollahhat,Bagerhat,Mollahat,22.9311,89.8032,2022-09-12,2025-10-04,9.00872809830039
3,CL512,Morrelganj,Bagerhat,Mollahat,22.4472,89.8606,2022-09-13,2025-10-04,26.867316967892613
4,CL516,Rampal,Bagerhat,Rampal,22.5561,89.6535,2022-09-14,2025-10-04,11.361708616786045
5,CL288,Shoronkhola (CL288),Bagerhat,Sarankhola,22.3156,89.8493,2023-02-27,2025-10-04,30.64508586983633
6,CL303,Bandarban,Bandarban,Bandarban Sadar,22.1917,92.2154,2022-10-19,2025-10-04,38.020517247375665
7,CL317,Lama,Bandarban,Lama,21.81,92.19,2022-10-19,2025-10-04,35.107149895372324
8,CL322,Nakhyongochari,Bandarban,Nykhongchari,21.51,92.33,2022-10-20,2025-10-04,38.18185315973415
9,CL280,Amtali (CL280),Barguna,Amtali,22.1442,90.2258,2023-01-23,2025-10-04,17.90475094082945
10,CL253,Bamna,Barguna,Bamna,22.3148,90.0968,2022-09-17,2025-10-04,24.416776917793545
11,CL256,Barguna,Barguna,Barguna Sadar,22.1583,90.108,2023-02-16,2025-10-04,23.352083525536184
12,CL272,Patharghata,Barguna,Patharghata,22.043,89.9748,2022-09-17,2025-10-04,27.464973102461926
13,CL252,Bakerganj,Barisal,Bakerganj,22.5412,90.332,2022-09-19,2025-09-30,23.114493591957494
14,CL254,Banaripara,Barisal,Banaripara,22.7805,90.1628,2022-09-21,2025-10-04,21.176657623538983
15,CL258,Barisal,Barisal,Barisal Sadar,22.67,90.3467,2022-09-21,2025-10-04,9.128392690664322
16,CL263,Gournadi,Barisal,Gaurnadi,22.9675,90.2242,2022-09-15,2025-10-04,22.537930798239067
17,CL260,Bhola,Bhola,Bhola Sadar,22.6735,90.6594,2022-09-20,2025-10-04,1.4576875164016152
18,CL257,Borhanuddin,Bhola,Burhanuddin,22.4957,90.722,2022-12-03,2025-10-04,22.134242037903185
19,CL268,Charfasson,Bhola,Char Fasson,22.16,90.81,2023-02-23,2025-10-04,42.58971723683543
20,CL261,Daulatkhan,Bhola,Daulatkhan,22.5976,90.747,2022-09-20,2025-10-04,13.782952506975699
21,CL6,Bogra,Bogura,Bogura Sadar,24.8712,89.3688,2022-11-03,2025-10-04,2.3671073500469872
22,CL11,Dhunot,Bogura,Dhunot,24.6889,89.565,2022-11-04,2025-10-04,26.867639255573675
23,CL169,Dubchanchia,Bogura,Dhupchanchia,24.8743,89.1802,2022-11-03,2025-10-04,19.00593381269514
24,CL22,Nandigram,Bogura,Nandigram,24.6461,89.2467,2022-11-04,2025-10-04,25.706393653035306
25,CL24,Nawkhila,Bogura,Shariakandi,25.0064,89.316,2022-11-03,2025-10-04,18.12590081945546
26,CL33,Sherpur_Bogra,Bogura,Sherpur,24.6779,89.416,2022-11-04,2025-10-04,19.77422267196583
27,CL216,Shibganj (Bogra),Bogura,Shibganj,25.0065,89.3158,2022-11-30,2025-10-04,18.142260786437188
28,CL351,Bancharampur,Brahmanbaria,Banchharampur,23.78,90.79,2022-07-03,2025-10-04,41.40915781619897
29,CL103,Brahmanbaria,Brahmanbaria,Brahamanbaria Sadar,23.99,91.12,2022-11-15,2025-10-04,41.77352614913992
30,CL362,Kasba,Brahmanbaria,Kasba,23.75,91.16,2022-07-03,2025-10-04,35.29226001269517
31,CL367,Nabinagar,Brahmanbaria,Nabinagar,23.88,90.98,2022-11-16,2025-10-04,48.979152784483325
32,CL132,Nasirnagar,Brahmanbaria,Nasirnagar,24.13,91.16,2022-10-12,2025-10-04,32.244166231491754
33,CL131,Sarail,Brahmanbaria,Sarail,24.09,91.14,2022-11-16,2025-10-04,33.88659767252142
34,CL52,Monoharpur,Chandpur,Kachua,23.3287,90.9101,2022-07-23,2025-10-04,22.53850709750628
35,CL53,Barnaya,Chandpur,Shahrasti,23.3385,91.1178,2022-07-03,2025-10-04,12.486735721593504
36,CL302,Anowara,Chattogram,Anwara,22.23,91.83,2022-10-18,2025-10-04,4.5653101540900565
37,CL306,Chittagong,Chattogram,Chittagong Sadar,22.3624,91.8051,2022-10-11,2025-10-04,1.8210132120163993
38,CL324,Nazirhat,Chattogram,Fatikchhari,22.68,91.88,2022-10-23,2025-10-04,21.37357316185838
39,CL323,Narayanhat,Chattogram,Fatikchhari,22.8,91.71,2022-10-22,2025-10-04,24.114436083361397
40,CL301,Amtali,Chattogram,Fatikchhari,22.73,91.75,2022-10-23,2025-10-04,17.096965323992638
41,CL311,Fatikchari,Chattogram,Fatikchhari,22.7,91.83,2022-10-23,2025-10-04,18.608899669125663
42,CL313,Hathazari,Chattogram,Hathazari,22.47,91.79,2022-10-21,2025-10-04,13.622070519521435
43,CL320,Mirsarai,Chattogram,Mirsharai,22.68,91.56,2022-10-24,2025-10-03,17.944396838037147
44,CL325,Patia,Chattogram,Patiya,22.28,92.0,2022-10-18,2025-10-04,18.554812113745804
45,CL330,Rangunia,Chattogram,Rangunia,22.49,92.04,2022-10-21,2025-10-04,17.12718308680009
46,CL331,Sandwip,Chattogram,Sandwip,22.4784,91.4486,2022-12-11,2025-10-04,1.6619288547955895
47,CL332,Satkania,Chattogram,Satkania,22.0786,92.0278,2022-10-18,2025-10-04,30.17946525840386
48,CL334,Sitakunda,Chattogram,Sitakunda,22.54,91.7,2000-01-01,2025-10-04,4.818076171508839
49,CL452,Alamdanga,Chuadanga,Alamdanga,23.7627,88.9399,2022-09-07,2025-10-04,17.732803805090377
50,CL224,Chuadanga,Chuadanga,Chuadanga Sadar,23.6413,88.851,2022-09-07,2025-10-04,3.628180490858099
51,CL310,Dulahazara,Coxs Bazar,Chakaria,21.6562,92.0756,2022-10-19,2025-10-04,25.546490936282275
52,CL316,Kutubdia,Coxs Bazar,Kutubdia,21.8139,91.8705,2022-12-10,2025-10-04,2.138550990504319
53,CL312,Teknaf,Coxs Bazar,Teknaf,18.8925,92.2913,2022-10-20,2025-10-04,219.51957320265606
54,CL352,Barura,Cumilla,Barura,23.39,91.12,2022-07-24,2025-10-04,8.060666210380585
55,CL51,Chauddagram,Cumilla,Chauddagram,23.21,91.21,2022-07-03,2025-10-04,24.9820371310374
56,CL356,Comilla,Cumilla,Cumilla Sadar,23.47,91.16,2022-07-03,2025-10-04,4.7212309681630975
57,CL357,Daudkandi,Cumilla,Daudkandi,23.53,90.72,2000-01-01,2025-10-04,29.35200788501131
58,CL50,Elliotganj,Cumilla,Daudkandi,23.5747,90.867,2022-09-13,2025-10-04,35.88247565764367
59,CL363,Laksam,Cumilla,Laksam,23.22,91.11,2022-07-03,2025-10-04,24.87483944356857
60,CL366,Muradnagar,Cumilla,Muradnagar,23.67,90.79,2022-07-03,2025-10-04,42.772810430924004
61,CL359,Mahinibazar,Cumilla,Nangalkot,23.196,91.2359,2022-07-06,2025-10-04,25.864047615851202
62,CL42,Dhaka_Banani,Dhaka,Gulshan,23.7887,90.4123,2022-11-28,2025-10-04,3.832839990052073
63,CL412,Nawabganj,Dhaka,Nawabganj,23.6635,90.1605,2022-11-26,2025-10-04,25.42100219102947
64,CL31,Savar,Dhaka,Savar,23.8378,90.2481,2022-09-28,2025-10-04,15.869373477245887
65,CL9,Dhaka_PBO,Dhaka,Sher-e-bangla Nagar,23.7799,90.3783,2022-11-24,2025-10-04,1.5576114766625195
66,CL213,Setabganj,Dinajpur,Bochaganj,25.8041,88.4578,2022-10-04,2025-08-07,28.35499228865878
67,CL168,Dinajpur,Dinajpur,Dinajpur Sadar,25.613,88.6295,2022-10-03,2025-10-04,6.786022740964096
68,CL201,Phulbari,Dinajpur,Fulbari,25.5038,88.9722,2022-10-03,2025-10-04,27.936535779662304
69,CL164,Ghoraghat,Dinajpur,Ghoraghat,25.2476,89.2816,2022-10-03,2025-10-04,45.03399252395176
70,CL175,Hilli (Hakimpur),Dinajpur,Hakimpur,25.281,89.021,2022-11-30,2025-10-04,53.190938882525515
71,CL180,Kantanagar,Dinajpur,Kaharole,25.8127,88.6806,2022-10-03,2025-10-04,18.09348119331909
72,CL179,Khansama,Dinajpur,Khansama,25.9236,88.7339,2022-10-03,2025-10-04,26.59331114831678
73,CL196,Nawabganj,Dinajpur,Nawabganj,25.4201,89.0765,2022-10-03,2025-10-04,38.21684412776711
74,CL403,Bhanga,Faridpur,Bhanga,23.3878,89.9745,2022-09-13,2025-10-04,26.794452109262682
75,CL404,Boalmari,Faridpur,Boalmari,23.3905,89.6802,2022-09-15,2025-10-04,29.02585364159736
76,CL406,Faridpur,Faridpur,Faridpur Sadar,23.5979,89.8297,2022-09-14,2025-10-04,2.0816213681930154
77,CL411,Modhukhali,Faridpur,Madhukhali,23.5436,89.6223,2022-09-14,2025-10-04,24.03891857758295
78,CL358,Feni,Feni,Feni Sadar,23.0,91.37,2022-07-03,2025-10-04,6.045560130864619
79,CL370,Parshuram,Feni,Parshuram,23.24,91.42,2022-07-21,2025-10-04,22.98317787396308
80,CL156,Gaibandha(Bhawaniganj),Gaibandha,Gaibandha Sadar,25.3238,89.5458,2022-10-02,2025-10-04,54.900480779928266
81,CL171,Gobindaganj,Gaibandha,Gobindaganj,25.131,89.3898,2022-10-01,2025-10-04,31.332613218015734
82,CL218,Sundarganj,Gaibandha,Sundarganj,25.5908,89.5117,2022-12-01,2025-10-04,28.523522042425576
83,CL17,Joydebpur,Gazipur,Gazipur Sadar,24.0022,90.42,2022-11-05,2025-10-04,26.453789753716475
84,CL43,Maona,Gazipur,Sreepur,24.15,90.4,2022-11-05,2025-10-04,42.657996242747444
85,CL37,Sreepur,Gazipur,Sreepur,24.14,90.5,2022-11-05,2025-10-04,43.17220420137169
86,CL409,Haridaspur,Gopalganj,Gopalganj Sadar,23.0292,89.814,2022-12-02,2025-09-30,3.1443569161775136
87,CL407,Fatehpur,Gopalganj,Muksudpur,23.2341,90.0093,2022-09-13,2025-10-04,19.302148924558615
88,CL120,Markuli,Habiganj,Baniachong,24.6921,91.3793,2022-11-18,2025-10-04,55.88410384370723
89,CL105,Chandpur Bagan,Habiganj,Chunarughat,24.17,91.47,2022-11-18,2025-10-04,30.362285040769365
90,CL110,Habiganj,Habiganj,Habiganj Sadar,24.38,91.43,2022-11-17,2025-10-04,31.992392546651747
91,CL111,Itakhola(Baikuntha),Habiganj,Madhabpur,24.14,91.37,2022-11-18,2025-10-04,40.914854836497305
92,CL62,Dewanganj,Jamalpur,Dewanganj,25.16,89.73,2022-07-27,2025-10-04,50.28688880369635
93,CL67,Jamalpur,Jamalpur,Jamalpur Sadar,24.89,89.94,2022-07-27,2025-10-04,53.39524347811028
94,CL32,Sarishabari,Jamalpur,Sarishabari,24.69,89.82,2022-07-27,2025-10-04,49.10644905832424
95,CL451,Rajghat,Jessore,Abhaynagar,23.0009,89.4276,2022-09-13,2025-10-04,26.50639656657193
96,CL454,Chaugacha,Jessore,Chaugachha,23.2686,89.0251,2022-09-09,2025-10-04,17.296483898733836
97,CL456,Jessore,Jessore,Jessore Sadar,23.1662,89.2055,2022-09-08,2025-10-04,4.402666870309329
98,CL459,Keshabpur,Jessore,Keshabpur,22.9043,89.2219,2022-09-11,2025-10-04,25.23920275342567
99,CL453,Benapole,Jessore,Sharsha,23.0414,88.9,2000-01-01,2025-10-04,31.50950637153267
100,CL264,Jhalokati,Jhalokathi,Jhalokati Sadar,22.6449,90.2063,2022-09-16,2025-10-04,20.179736818655453
101,CL457,Jhenaidah,Jhenaidah,Jhenaidah Sadar,23.5463,89.162,2022-09-06,2025-10-04,37.0289907897067
102,CL458,Kaliganj (Jessore),Jhenaidah,Kaliganj,23.4068,89.14,2022-09-09,2025-10-04,24.997571062508474
103,CL455,Dattanagar,Jhenaidah,Maheshpur,23.3774,88.8255,2022-07-05,2025-10-04,30.32510476614292
104,CL463,Sailkupa,Jhenaidah,Shailkupa,23.6841,89.2538,2022-09-07,2025-10-04,44.679674632235375
105,CL520,Joypurhat,Joypurhat,Joypurhat Sadar,25.1041,89.0205,2022-11-03,2025-10-04,44.89768060579621
106,CL319,Manikchari,Khagrachhari,Manikchhari,22.83,91.85,2022-10-22,2025-10-04,31.44937733377258
107,CL327,Ramgarh,Khagrachhari,Ramgarh,23.0,91.74,2022-10-22,2025-10-04,33.29739503719798
108,CL503,Chalna,Khulna,Dacope,22.6012,89.5195,2022-09-15,2025-10-04,17.091799886979707
109,CL504,Dumuria,Khulna,Dumuria,22.8093,89.4145,2022-09-12,2025-10-04,12.518788564095178
110,CL510,Khulna,Khulna,Khulna Sadar,22.8319,89.55,2000-01-01,2025-10-04,5.664590079857665
111,CL290,Koyra (CL290),Khulna,Koyra,22.4587,89.2786,2023-02-28,2025-10-04,33.03843420447235
112,CL509,Kapilmuni,Khulna,Paikgachha,22.6887,89.3088,2022-09-15,2025-10-04,23.336780689515862
113,CL515,Paikgacha,Khulna,Paikgachha,22.585,89.3182,2022-09-15,2025-10-04,28.200431660154937
114,CL61,Bajitpur,Kishoreganj,Bajitpur,24.19,90.98,2022-11-19,2025-10-04,15.479371290679508
115,CL101,Bhairab Bazar,Kishoreganj,Bhairab,24.06,90.96,2022-11-19,2025-10-04,28.87682619561515
116,CL112,Itna,Kishoreganj,Itna,24.51,91.11,2022-11-19,2025-10-04,29.074418764585012
117,CL71,Kishoreganj,Kishoreganj,Kishoregonj Sadar,24.45,90.77,2022-07-24,2025-10-04,20.986851166547147
118,CL159,Bhurangamari,Kurigram,Bhurungamari,26.0967,89.7072,2022-12-02,2025-10-04,32.667555321579485
119,CL163,Chilmari,Kurigram,Chilmari,25.5831,89.6622,2022-10-07,2025-10-04,24.68179816951351
120,CL182,Kurigram,Kurigram,Kurigram Sadar,25.8092,89.63,2022-10-07,2025-10-04,3.8653369535561786
121,CL222,Ulipur,Kurigram,Ulipur,25.6567,89.6233,2022-10-07,2025-10-04,17.095982525420816
122,CL41,Bheramara,Kushtia,Bheramara,24.0297,89.0003,2022-10-11,2025-10-04,12.579293128559124
123,CL405,Bheramara (CL405),Kushtia,Bheramara,24.0433,89.0203,2022-12-06,2025-10-04,10.45501423818086
124,CL217,Pragpur (Shikarpur),Kushtia,Daulatpur,24.0059,88.7653,2022-09-08,2025-10-04,32.19088370351958
125,CL214,Amla,Kushtia,Daulatpur,23.9222,88.9031,2022-12-05,2025-10-04,27.815997506765196
126,CL19,Kushtia,Kushtia,Kushtia Sadar,23.9131,89.1256,2022-10-10,2025-10-04,25.663963235033247
127,CL54,Dattapara,Lakshmipur,Lakshmipur Sadar,23.0324,91.0661,2000-01-01,2025-10-04,18.752396698940082
128,CL364,Lakshmipur,Lakshmipur,Lakshmipur Sadar,22.91,90.83,2022-07-22,2025-10-04,28.075292842424233
129,CL372,Raipur (Noakhali),Lakshmipur,Raipur,23.0362,90.764,2022-07-22,2025-10-04,26.449266321449116
130,CL375,Ramgati,Lakshmipur,Ramganj,22.5897,90.9897,2022-07-22,2025-10-04,20.753348173542363
131,CL174,Hatibandha,Lalmonirhat,Hatibandha,26.1422,89.1347,2022-09-13,2025-10-04,20.990242666505463
132,CL183,Lalmanirhat,Lalmonirhat,Lalmonirhat Sadar,25.9122,89.4356,2022-10-06,2025-07-20,26.160760359129547
133,CL200,Patgram,Lalmonirhat,Patgram,26.3417,89.0247,2022-10-06,2025-10-04,25.725330014727493
134,CL410,Madaripur,Madaripur,Madaripur Sadar,23.1654,90.2009,2022-09-13,2025-10-04,1.8017087445158229
135,CL414,Shibchar,Madaripur,Shibchar,23.3467,90.157,2022-09-11,2025-10-04,20.1983321865189
136,CL460,Magura,Magura,Magura Sadar,23.4884,89.4283,2022-09-10,2025-10-04,43.1770219878241
137,CL462,Salikha,Magura,Shalikha,23.2972,89.3774,2022-09-10,2025-10-04,24.977884531913165
138,CL10,Daulatpur,Manikganj,Daulatpur,23.9685,89.8298,2022-09-28,2025-10-04,33.01801530190231
139,CL20,Manikganj,Manikganj,Manikganj Sadar,23.872,90.0006,2022-06-28,2025-10-04,33.907984723373296
140,CL223,Hogalbaria,Meherpur,Gangni,23.9131,88.8538,2022-09-07,2025-10-04,29.498331615917966
141,CL225,Meherpur,Meherpur,Meherpur Sadar,23.773,88.6311,2022-09-08,2025-10-04,23.32352450933636
142,CL118,Latu,Moulvibazar,Barlekha,24.8168,92.2479,2022-10-19,2025-10-04,37.92802598016987
143,CL108,Dakhinbagh,Moulvibazar,Barlekha,24.6362,92.1616,2022-10-19,2025-10-04,40.617889795844114
144,CL114,Kamalganj,Moulvibazar,Kamalganj,24.3502,91.8475,2022-10-20,2025-10-04,12.844423396915698
145,CL229,Monu Rly. Br.,Moulvibazar,Kulaura,24.4249,91.9405,2022-10-20,2025-10-04,25.164499770765705
146,CL286,Chatlaghat (CL286),Moulvibazar,Kulaura,24.3628,91.9605,2022-11-29,2025-10-04,24.052468225926997
147,CL117,Langla,Moulvibazar,Kulaura,24.4744,91.9559,2022-10-08,2025-10-04,29.734448767632582
148,CL122,Moulvi Bazar,Moulvibazar,Moulvibazar Sadar,24.4746,91.7722,2023-03-22,2025-10-04,19.809696266571166
149,CL119,Monumukh,Moulvibazar,Moulvibazar Sadar,24.6271,91.6797,2022-11-30,2025-10-04,36.65457180970386
150,CL104,Chandbagh,Moulvibazar,Rajnagar,24.609,91.9277,2022-10-21,2025-10-04,32.66643296928005
151,CL126,Srimangal,Moulvibazar,Sreemangal,24.294,91.749,2022-10-20,2025-10-04,1.7225393169952379
152,CL365,Munshiganj,Munshiganj,Munshiganj Sadar,23.5578,90.529,2022-11-26,2025-10-04,27.55938316110902
153,CL402,Bhagyakul,Munshiganj,Sreenagar,23.5126,90.2199,2022-11-21,2025-10-04,32.791446927821575
154,CL5,Bhaluka,Mymensingh,Bhaluka,24.45,90.37,2022-07-22,2025-10-04,30.335932388573983
155,CL45,Ghosegaon,Mymensingh,Dhobaura,24.4075,90.3851,2022-07-28,2025-10-04,34.72243576041496
156,CL27,Phulbaria,Mymensingh,Fulbaria,24.61,90.34,2022-07-22,2025-10-04,15.153645410777385
157,CL64,Gafargaon,Mymensingh,Gaffargaon,24.42,90.6,2022-11-21,2025-10-04,34.07091172720973
158,CL65,Gauripur,Mymensingh,Gauripur,24.75,90.6,2022-07-24,2025-10-04,17.2359110634975
159,CL72,Muktagacha,Mymensingh,Muktagachha,24.76,90.2,2022-07-25,2025-10-04,24.051609132831036
160,CL46,Rasulpur,Mymensingh,Muktagachha,24.74,90.27,2022-07-25,2025-10-04,16.698819996288016
161,CL73,Mymensingh,Mymensingh,Mymensingh Sadar,24.76,90.47,2022-07-23,2025-10-04,6.076875670426862
162,CL75,Nandail,Mymensingh,Nandail,24.65,90.73,2022-07-24,2025-10-04,25.29810518460956
163,CL77,Phulpur,Mymensingh,Phulpur,24.91,90.36,2022-11-03,2025-10-04,22.73568843555911
164,CL3,Ahsanganj,Naogaon,Atrai,24.6116,88.976,2022-11-02,2025-10-04,39.00983714882517
165,CL152,Badalgachi,Naogaon,Badalgachi,24.9672,88.9031,2022-11-02,2025-10-04,48.5341344297748
166,CL187,Mohadebpur,Naogaon,Mahadebpur,24.9105,88.7529,2022-11-03,2025-10-04,60.70704179664995
167,CL191,Naogaon,Naogaon,Naogaon Sadar,24.8064,88.9515,2022-11-02,2025-10-04,42.177370216329734
168,CL192,Nazipur (Patnitala),Naogaon,Patnitala,25.0436,88.7554,2022-11-03,2025-10-04,65.2800547529414
169,CL194,Nithpur,Naogaon,Porsha,25.0266,88.4523,2022-11-02,2025-10-04,73.10387819787663
170,CL211,Sapahar,Naogaon,Shapahar,25.1269,88.5924,2022-11-03,2025-10-04,58.87893142722462
171,CL461,Narail,Narail,Narail Sadar,23.1655,89.4936,2022-09-10,2025-10-04,33.4784290511187
172,CL519,Shimrail,Narayanganj,Sonargaon,23.7817,90.5151,2022-06-30,2025-10-04,13.512544224909963
173,CL76,Narsindi,Narsingdi,Narsingdi Sadar,23.9174,90.7086,2022-11-20,2025-10-04,37.085322011859425
174,CL79,Shibpur,Narsingdi,Shibpur,24.0382,90.7462,2022-11-20,2025-10-04,35.46593207590922
175,CL14,Gurudaspur,Natore,Gurudaspur,24.3695,89.2338,2022-10-10,2025-10-04,15.211998957804175
176,CL184,Lalpur,Natore,Lalpur,24.1774,88.9602,2022-11-28,2025-10-04,10.345217911529412
177,CL16,Joari,Natore,Natore Sadar,24.2521,89.1435,2022-10-10,2025-10-04,16.258952834497894
178,CL23,Natore,Natore,Natore Sadar,24.4097,88.9739,2022-11-01,2025-10-04,28.148274541825188
179,CL36,Singra,Natore,Singra,24.5067,89.1433,2022-11-04,2025-10-04,24.0337155011316
180,CL158,Bholahat,Nawabganj,Bholahat,24.9516,88.1997,2022-11-02,2025-10-03,82.37959843581328
181,CL208,Rohanpur,Nawabganj,Gomastapur,24.8198,88.3256,2022-11-02,2025-10-04,63.02140420163389
182,CL190,Nachole,Nawabganj,Nachol,24.7424,88.4078,2022-11-01,2025-10-04,51.1749286742809
183,CL195,Chapai-Nawabganj,Nawabganj,Nawabganj Sadar,24.6009,88.2813,2022-11-29,2025-10-04,49.735625719400225
184,CL215,Shibganj(Rajshahi),Nawabganj,Shibganj,24.6845,88.1597,2022-11-29,2025-10-04,65.08826511387458
185,CL63,Durgapur,Netrokona,Durgapur,25.1,90.65,2022-07-23,2025-10-04,25.944576228681317
186,CL115,Kendua,Netrokona,Kendua,24.66,90.86,2022-11-22,2025-10-04,27.638351045951126
187,CL113,Khaliajuri,Netrokona,Khaliajuri,24.66,91.1,2022-11-17,2025-10-04,42.44537613853672
188,CL121,Mohanganj,Netrokona,Mohanganj,24.86,91.01,2022-11-23,2025-10-04,28.566139024265997
189,CL123,Netrokona,Netrokona,Netrokona Sadar,24.86,90.72,2022-07-27,2025-10-04,2.0878366366495844
190,CL68,Jaria-jhanjail,Netrokona,Purbadhala,24.98,90.62,2022-07-23,2025-10-04,15.72906167880283
191,CL226,Dalia,Nilphamari,Dimla,26.158,89.0332,2022-10-06,2025-10-04,11.293091539778018
192,CL167,Dimla,Nilphamari,Dimla,26.1339,88.9121,2022-10-06,2025-10-04,1.428997122678213
193,CL177,Kaliganj,Nilphamari,Jaldhaka,26.076,88.9567,2022-10-06,2025-10-04,6.624078687410218
194,CL154,Bagdogra(Nilphamari),Nilphamari,Nilphamari Sadar,25.9277,88.8427,2022-10-05,2025-10-04,21.100531380906894
195,CL210,Saidpur,Nilphamari,Saidpur,25.7802,88.9142,2022-10-03,2025-10-04,3.3671838694888536
196,CL361,Hatiya,Noakhali,Hatiya,22.1989,91.134,2000-01-01,2025-10-04,26.301007599602165
197,CL369,Noakhali,Noakhali,Noakhali Sadar,22.85,91.13,2022-07-22,2025-01-19,3.5895163064511246
198,CL376,Senbag,Noakhali,Senbagh,22.98,91.22,2023-04-20,2025-10-04,17.602218243477388
199,CL377,Sonaimuri,Noakhali,Sonaimuri,23.0007,91.0981,2022-07-03,2025-10-04,14.904726064499298
200,CL1,Atghoria,Pabna,Atgharia,24.1122,89.2417,2022-11-07,2025-10-04,19.595938445158303
201,CL4,Bera,Pabna,Bera,24.0766,89.6113,2022-10-09,2025-10-04,37.93595416091588
202,CL7,Chatmohar,Pabna,Chatmohar,24.2327,89.2884,2022-10-10,2025-10-04,23.67655626913232
203,CL12,Faridpur Banuaripara,Pabna,Faridpur,24.1587,89.4495,2022-10-08,2025-09-27,31.670249380262963
204,CL25,Pabna,Pabna,Pabna Sadar,24.0064,89.2173,2022-10-09,2025-10-04,22.084081224682233
205,CL38,Sujanagar,Pabna,Sujanagar,23.936,89.4113,2022-10-09,2025-10-04,42.7518681945872
206,CL161,Boda,Panchagarh,Boda,26.1992,88.5533,2022-10-04,2025-10-04,37.92402276605101
207,CL166,Debiganj,Panchagarh,Debiganj,26.1149,88.7555,2022-10-05,2025-10-04,16.988243651502206
208,CL157,Bhithargarh,Panchagarh,Panchagarh Sadar,26.4235,88.5841,2022-10-05,2025-10-04,18.093323213880204
209,CL197,Panchagarh,Panchagarh,Panchagarh Sadar,26.4,88.52,2022-10-04,2025-10-04,20.60283537390065
210,CL220,Tentulia,Panchagarh,Tentulia,26.4986,88.3389,2022-10-05,2025-10-04,23.016195843471607
211,CL255,Bauphal,Patuakhali,Bauphal,22.4221,90.5423,2022-09-07,2025-10-04,23.64539143470732
212,CL262,Galachipa,Patuakhali,Galachipa,22.1691,90.4079,2022-09-18,2025-10-02,19.808566531253618
213,CL282,Kuakata (CL282),Patuakhali,Kalapara,21.8157,90.122,2023-01-23,2025-10-04,21.89437521345317
214,CL269,Khepupara,Patuakhali,Kalapara,21.9848,90.2209,2022-09-18,2025-10-04,1.2920350624289378
215,CL266,Patuakhali,Patuakhali,Patuakhali Sadar,22.3547,90.3199,2022-09-19,2025-10-04,2.7485043029894394
216,CL259,Bhandaria,Pirojpur,Bhandaria,22.484,90.0657,2023-02-27,2025-10-04,32.211703196337375
217,CL265,Mathbaria,Pirojpur,Mathbaria,22.2836,89.9597,2022-09-17,2025-10-04,38.83193693216853
218,CL271,Nazirpur,Pirojpur,Nazirpiur,22.7088,89.9734,2022-09-16,2025-10-04,36.153503430862926
219,CL267,Pirojpur,Pirojpur,Pirojpur Sadar,22.5821,89.9635,2022-09-16,2025-10-04,39.480638392338705
220,CL287,Goalundo (CL287),Rajbari,Goalandaghat,23.7253,89.7481,2023-02-20,2025-10-04,17.3731448590757
221,CL30,Rajbari,Rajbari,Rajbari Sadar,23.7594,89.6412,2022-09-14,2025-10-04,27.68138070765228
222,CL205,Rajshahi,Rajshahi,Boalia,24.3791,88.603,2022-11-01,2025-10-04,9.921403106914866
223,CL212,Sardah,Rajshahi,Charghat,24.3029,88.7358,2022-11-01,2025-10-04,7.964716954936665
224,CL172,Godagari,Rajshahi,Godagari,24.4611,88.3279,2022-11-01,2025-10-04,39.111764699736455
225,CL204,Puthia,Rajshahi,Puthia,24.3617,88.8352,2022-11-01,2025-10-04,13.705837040230396
226,CL219,Tanore,Rajshahi,Tanore,24.5865,88.5709,2022-11-03,2025-10-04,27.716537099342137
227,CL328,Rangamati,Rangamati,Rangamati Sadar,22.67,92.12,2022-10-21,2025-10-04,17.274045903799884
228,CL153,Badarganj,Rangpur,Badarganj,25.667,89.0474,2022-10-05,2025-10-04,16.022619633500888
229,CL188,Mahipur,Rangpur,Gangachara,25.8636,89.2546,2022-10-05,2025-10-04,14.641039079337066
230,CL178,Kaunia,Rangpur,Kaunia,25.7756,89.4249,2022-10-06,2025-10-04,19.752955461675363
231,CL186,Mithapukur,Rangpur,Mithapukur,25.5727,89.2754,2022-10-02,2025-10-04,18.35227338554846
232,CL202,Pirgacha,Rangpur,Pirgachha,25.6428,89.4079,2022-10-06,2025-10-04,20.182488262583718
233,CL206,Rangpur,Rangpur,Rangpur Sadar,25.7309,89.2708,2022-10-02,2025-10-04,3.763014079515286
234,CL289,Assasuni (CL289),Satkhira,Assasuni,22.548,89.1786,2023-02-28,2025-10-04,21.150979548233053
235,CL507,Kalaroa,Satkhira,Kalaroa,22.8864,89.0243,2022-09-11,2025-10-04,19.8193770061928
236,CL508,Kaliganj(Khulna),Satkhira,Kaliganj,22.4595,89.0281,2022-09-16,2025-10-04,29.152739745325043
237,CL518,Satkhira,Satkhira,Satkhira Sadar,22.7039,89.0698,2023-04-02,2025-10-04,1.9855327157386642
238,CL502,Benarpota,Satkhira,Satkhira Sadar,22.755,89.0973,2022-12-26,2025-10-04,4.4964549939321445
239,CL506,Kaikhali,Satkhira,Shyamnagar,22.2026,89.0714,2022-09-16,2025-10-04,57.17512041298376
240,CL505,Islamkati,Satkhira,Tala,22.7304,89.2507,2022-09-17,2025-10-04,17.23387912486442
241,CL413,Palong,Shariatpur,Sariatpur Sadar,23.1986,90.3358,2022-09-12,2025-10-04,15.984246961853215
242,CL227,Nakuagaon,Sherpur,Nalitabari,25.17,90.23,2022-07-26,2025-10-04,54.4171706417093
243,CL74,Nalitabari,Sherpur,Nalitabari,25.06,90.19,2022-11-24,2025-10-04,45.38575856596922
244,CL78,Sherpur Town,Sherpur,Sherpur Sadar,25.02,90.01,2022-11-24,2025-10-04,54.420101672111215
245,CL29,Raiganj,Sirajganj,Raiganj,24.5057,89.5258,2022-10-08,2025-10-04,18.003702580323495
246,CL35,Shazadpur,Sirajganj,Shahjadpur,24.1786,89.5917,2022-10-08,2025-10-04,35.54333219120701
247,CL34,Sirajganj,Sirajganj,Sirajganj Sadar,24.4646,89.7172,2022-10-08,2025-09-29,32.38422249324955
248,CL39,Taras,Sirajganj,Tarash,24.4354,89.3768,2022-11-04,2025-10-04,1.0510323714531438
249,CL40,Ullapara,Sirajganj,Ullapara,24.3212,89.5646,2022-10-08,2025-10-04,23.607772960273273
250,CL107,Chhatak,Sunamganj,Chhatak,25.0379,91.6706,2023-03-22,2025-10-04,26.362004846235752
251,CL528,Derai,Sunamganj,Derai,24.7993,91.3526,2022-10-24,2025-10-04,54.70865171005036
252,CL527,Madhanagar,Sunamganj,Dharampasha,25.0505,90.9936,2022-07-27,2025-10-04,33.00920589815617
253,CL106,Durlavpur,Sunamganj,Jamalganj,24.9975,91.2632,2022-10-24,2025-10-04,55.63727950963673
254,CL529,Shulla,Sunamganj,Shulla,24.6741,91.2688,2022-10-25,2025-10-04,53.37763138951037
255,CL127,Sunamganj,Sunamganj,Sunamganj Sadar,25.0767,91.4117,2022-11-28,2025-10-04,51.43456170779395
256,CL49,Laurergarh,Sunamganj,Tahirpur,25.192,91.2505,2022-10-23,2025-10-04,63.240193965602074
257,CL44,Moheshkhola,Sunamganj,Tahirpur,24.4075,90.3851,2023-03-22,2025-10-04,34.72243576041496
258,CL526,Taherpur,Sunamganj,Tahirpur,25.0975,91.177,2022-10-23,2025-10-04,51.4865046840648
259,CL125,Sheola,Sylhet,Beanibazar,24.8912,92.1881,2022-10-19,2025-10-04,30.75536313471886
260,CL102,Companyganj Bholaganj,Sylhet,Companiganj,25.1109,91.7593,2022-10-22,2025-10-04,26.573849133898282
261,CL48,Jaflong,Sylhet,Gowainghat,25.1617,92.0172,2022-10-17,2025-10-04,32.073481250519954
262,CL116,Lallakhal,Sylhet,Jaintiapur,25.1074,92.1789,2022-10-18,2025-10-04,37.6700739136451
263,CL284,Sarighat (CL284),Sylhet,Jaintiapur,25.094,92.1183,2022-10-18,2025-10-04,32.03263632725494
264,CL228,Kanaighat,Sylhet,Kanairghat,25.0002,92.2579,2022-10-18,2025-10-04,39.37261633427188
265,CL129,Tajpur,Sylhet,Osmani Nagar,24.7239,91.7534,2022-10-21,2025-10-04,23.56706325106582
266,CL128,Sylhet,Sylhet,Sylhet Sadar,24.9067,91.8782,2022-11-28,2025-10-04,0.9070432462999233
267,CL130,Zakiganj,Sylhet,Zakiganj,24.8756,92.3661,2022-10-19,2025-10-04,48.77186073112384
268,CL13,Gopalpur,Tangail,Gopalpur,24.58,89.97,2022-10-26,2025-10-04,36.88168949451351
269,CL18,Kalihati,Tangail,Kalihati,24.39,90.04,2022-09-30,2025-10-04,18.95168080017416
270,CL21,Mirzapur,Tangail,Mirzapur,24.07,90.11,2022-07-02,2025-10-04,26.86772245150337
271,CL47,Kutubpur,Tangail,Sakhipur,24.4179,90.0952,2022-09-30,2025-10-04,24.84988725753784
272,CL2,Tangail_Atia,Tangail,Tangail Sadar,24.28,89.92,2022-07-02,2025-10-04,3.5991441347908846
273,CL193,Nekmard,Thakurgaon,Baliadangi,25.9821,88.2653,2022-10-04,2025-10-04,55.808144003216896
274,CL209,Ruhea,Thakurgaon,Thakurgaon,26.1707,88.4106,2022-10-04,2025-10-04,47.9378054877022
275,CL221,Thakurgaon,Thakurgaon,Thakurgaon,26.0244,88.4648,2022-10-04,2025-10-04,47.02639107378158
