BMD_Station,BWDB_ID,BWDB_Name,Distance_km,Label,-2,-1,0,+1,+2,Best_Lag,Max_r,Lag_Diff_p1_m1
Sylhet,CL128,Sylhet,0.91,Sylhet (0.9 km),0.2673580201621534,0.3667770898799009,0.9094883332194749,0.46201833639036594,0.326324037207665,0,0.9094883332194749,0.09524124651046506
Tarash,CL39,Taras,1.05,Tarash (1.1 km),0.07596500323543054,0.0906829607091387,0.2686920668801048,0.20664947510327228,0.1972203782175271,0,0.2686920668801048,0.11596651439413358
Khepupara,CL269,Khepupara,1.29,Khepupara (1.3 km),0.16908256469058933,0.361984242637447,0.8782615824264117,0.5860907436605639,0.25032595080976905,0,0.8782615824264117,0.2241065010231169
Dimla,CL167,Dimla,1.43,Dimla (1.4 km),0.2279925792036687,0.32384915847318463,0.6865260179267484,0.47142705222673736,0.3260996432921018,0,0.6865260179267484,0.14757789375355274
Bhola,CL260,Bhola,1.46,Bhola (1.5 km),0.16708033213063767,0.3071640921449618,0.776768037967916,0.44019247925434124,0.2046357141255259,0,0.776768037967916,0.13302838710937942
Dhaka,CL9,Dhaka_PBO,1.56,Dhaka (1.6 km),0.09139972409099896,0.13035040838612486,0.3489492693659617,0.8209620911875989,0.20567155303572343,1,0.8209620911875989,0.690611682801474
Sandwip,CL331,Sandwip,1.66,Sandwip (1.7 km),0.21889933670253361,0.34968763860912616,0.7383145345879616,0.4816003688626513,0.26567579468485236,0,0.7383145345879616,0.13191273025352512
Srimangal,CL126,Srimangal,1.72,Srimangal (1.7 km),0.19550941549731285,0.2133707493436318,0.8730398413309565,0.28346750559065387,0.15934358343820038,0,0.8730398413309565,0.07009675624702208
Madaripur,CL410,Madaripur,1.8,Madaripur (1.8 km),0.05011904313202732,0.16296215988949475,0.8679129518100228,0.29655427636976955,0.05035991914389526,0,0.8679129518100228,0.1335921164802748
Ambagan(Ctg),CL306,Chittagong,1.82,Ambagan(Ctg) (1.8 km),0.23630500959865974,0.3341650777641415,0.8758720892023161,0.4941022525235813,0.29464367963760596,0,0.8758720892023161,0.1599371747594398
Faridpur,CL406,Faridpur,2.08,Faridpur (2.1 km),0.03730182584178478,0.07678880238876719,0.6061470123168465,0.14519061720581097,0.07253861096107818,0,0.6061470123168465,0.06840181481704379
Natrakona,CL123,Netrokona,2.09,Natrakona (2.1 km),0.20410385267643494,0.20142379963543044,0.6056447878294189,0.5786910955443885,0.2842791413271056,0,0.6056447878294189,0.377267295908958
Kutubdia,CL316,Kutubdia,2.14,Kutubdia (2.1 km),0.3031359876711885,0.4498881153294907,0.607157881455037,0.5028677233510684,0.3510308939492732,0,0.607157881455037,0.05297960802157775
Bogra,CL6,Bogra,2.37,Bogra (2.4 km),0.11400662720175701,0.1543991363806482,0.8089043915833295,0.24521874230250418,0.14081115433073324,0,0.8089043915833295,0.09081960592185598
Gopalgonj,CL409,Haridaspur,3.14,Gopalgonj (3.1 km),0.1209297926098209,0.26469844660919967,0.6626186276784131,0.31722624317364134,0.19743987916040745,0,0.6626186276784131,0.052527796564441676
M.court,CL369,Noakhali,3.59,M.court (3.6 km),0.25875739964062533,0.39425457638825534,0.7765515590983012,0.4336339825522905,0.25158287166603027,0,0.7765515590983012,0.03937940616403518
Tangail,CL2,Tangail_Atia,3.6,Tangail (3.6 km),0.08131648560875233,0.13885508627151893,0.8904544810750016,0.1999751626106682,0.08103950278430032,0,0.8904544810750016,0.06112007633914926
Chuadanga,CL224,Chuadanga,3.63,Chuadanga (3.6 km),0.08916988406009282,0.14004929234922417,0.796348370844108,0.25395604337510214,0.10742146983640982,0,0.796348370844108,0.11390675102587797
Rajarhat,CL182,Kurigram,3.87,Rajarhat (3.9 km),0.18362882996748273,0.2994097569386803,0.7343665136350265,0.43337268677929724,0.1807719691202033,0,0.7343665136350265,0.13396292984061692
Jessore,CL456,Jessore,4.4,Jessore (4.4 km),0.07212811451923783,0.18264030310944604,0.7559923782757688,0.32813013284838977,0.13277125926269487,0,0.7559923782757688,0.14548982973894373
Comilla,CL356,Comilla,4.72,Comilla (4.7 km),0.12076487424262279,0.20768562930932125,0.7934415389429844,0.3380457513577833,0.11408987275450982,0,0.7934415389429844,0.13036012204846206
Khulna,CL510,Khulna,5.66,Khulna (5.7 km),0.07944399907945035,0.17371497988928,0.7298044281517162,0.2543710220904109,0.09309903714284708,0,0.7298044281517162,0.0806560422011309
Feni,CL358,Feni,6.05,Feni (6.0 km),0.2111324773015143,0.27627002109410465,0.42318289758221045,0.44056994249271886,0.35922745110383847,1,0.44056994249271886,0.1642999213986142
Mymensingh,CL73,Mymensingh,6.08,Mymensingh (6.1 km),0.08717821493521731,0.19100926691031075,0.835660905989488,0.31225288347532504,0.11766503752486743,0,0.835660905989488,0.12124361656501428
Dinajpur,CL168,Dinajpur,6.79,Dinajpur (6.8 km),0.14855776096187584,0.14936362702846995,0.7684449015020068,0.43328766480152275,0.1725153054615563,0,0.7684449015020068,0.2839240377730528
Rajshahi,CL212,Sardah,7.96,Rajshahi (8.0 km),0.09236159344442219,0.2508588970026693,0.6513971989166101,0.3237461476709764,0.13759630979600446,0,0.6513971989166101,0.07288725066830715
Barisal,CL258,Barisal,9.13,Barisal (9.1 km),0.12187258141426358,0.248951415475281,0.8665879171071195,0.39433249017900834,0.16327824943643332,0,0.8665879171071195,0.14538107470372735
