BMD_Station,BWDB_ID,BWDB_Name,District,Distance_km,N_days,r_lag0,r_lag_p1,r_lag_m1,Opt_Lag,Max_r,Spearman_r,Concordance_pct,BMD_Sum_mm,BWDB_Sum_mm,Sum_Ratio,Bias_mm_day,MAE_mm_day,RMSE_mm_day
Sylhet,CL128,Sylhet,Sylhet,0.91,1643,0.909,0.462,0.367,0,0.909,0.935,95.2,21554.0,20468.0,0.95,-0.66,4.44,13.07
Tarash,CL39,Taras,Sirajganj,1.05,1643,0.269,0.207,0.091,0,0.269,0.317,77.1,6514.0,9090.6,1.396,1.57,7.23,21.76
Khepupara,CL269,Khepupara,Patuakhali,1.29,1643,0.878,0.586,0.362,0,0.878,0.854,91.7,11903.0,12233.4,1.028,0.2,3.15,10.93
Dimla,CL167,Dimla,Nilphamari,1.43,1643,0.687,0.471,0.324,0,0.687,0.701,84.8,12421.0,11285.9,0.909,-0.69,5.6,16.47
Bhola,CL260,Bhola,Bhola,1.46,1643,0.777,0.44,0.307,0,0.777,0.772,88.5,8998.0,12426.1,1.381,2.09,4.61,11.77
Dhaka,CL9,Dhaka_PBO,Dhaka,1.56,1643,0.349,0.821,0.13,1,0.821,0.498,78.4,7994.0,7994.0,1.0,0.0,5.91,17.34
Sandwip,CL331,Sandwip,Chattogram,1.66,1643,0.738,0.482,0.35,0,0.738,0.614,81.2,13236.0,12603.6,0.952,-0.38,6.22,16.26
Srimangal,CL126,Srimangal,Moulvibazar,1.72,1643,0.873,0.283,0.213,0,0.873,0.851,90.2,10566.0,9622.0,0.911,-0.57,2.56,8.26
Madaripur,CL410,Madaripur,Madaripur,1.8,1643,0.868,0.297,0.163,0,0.868,0.827,91.1,7535.0,6729.0,0.893,-0.49,2.38,7.43
Ambagan(Ctg),CL306,Chittagong,Chattogram,1.82,1643,0.876,0.494,0.334,0,0.876,0.803,88.8,11327.0,10632.3,0.939,-0.42,3.27,10.45
Faridpur,CL406,Faridpur,Faridpur,2.08,1643,0.606,0.145,0.077,0,0.606,0.824,91.5,8548.0,6583.2,0.77,-1.2,3.14,16.58
Natrakona,CL123,Netrokona,Netrokona,2.09,1643,0.606,0.579,0.201,0,0.606,0.711,85.0,12457.0,12587.4,1.01,0.08,6.1,18.26
Kutubdia,CL316,Kutubdia,Coxs Bazar,2.14,1643,0.607,0.503,0.45,0,0.607,0.596,81.9,12060.0,12049.1,0.999,-0.01,7.2,21.18
Bogra,CL6,Bogra,Bogura,2.37,1643,0.809,0.245,0.154,0,0.809,0.807,90.9,7596.0,7557.3,0.995,-0.02,2.72,9.09
Gopalgonj,CL409,Haridaspur,Gopalganj,3.14,1643,0.663,0.317,0.265,0,0.663,0.679,86.0,6703.0,7879.0,1.175,0.72,3.96,11.34
M.court,CL369,Noakhali,Noakhali,3.59,1643,0.777,0.434,0.394,0,0.777,0.813,89.5,10420.0,13332.5,1.28,1.77,4.75,11.3
Tangail,CL2,Tangail_Atia,Tangail,3.6,1643,0.89,0.2,0.139,0,0.89,0.817,90.4,7920.0,6871.0,0.868,-0.64,2.18,7.4
Chuadanga,CL224,Chuadanga,Chuadanga,3.63,1643,0.796,0.254,0.14,0,0.796,0.673,86.7,5964.0,5793.8,0.971,-0.1,2.44,7.8
Rajarhat,CL182,Kurigram,Kurigram,3.87,1643,0.734,0.433,0.299,0,0.734,0.747,87.5,11635.0,10028.3,0.862,-0.98,4.77,14.24
Jessore,CL456,Jessore,Jessore,4.4,1643,0.756,0.328,0.183,0,0.756,0.762,89.6,6547.0,6258.0,0.956,-0.18,2.54,8.16
Comilla,CL356,Comilla,Cumilla,4.72,1613,0.793,0.338,0.208,0,0.793,0.759,87.2,8379.0,6756.0,0.806,-1.01,2.99,9.48
Khulna,CL510,Khulna,Khulna,5.66,1643,0.73,0.254,0.174,0,0.73,0.737,86.7,6755.0,5776.4,0.855,-0.6,2.65,10.34
Feni,CL358,Feni,Feni,6.05,1643,0.423,0.441,0.276,0,0.423,0.524,78.9,11572.0,9220.0,0.797,-1.43,7.15,18.03
Mymensingh,CL73,Mymensingh,Mymensingh,6.08,1643,0.836,0.312,0.191,0,0.836,0.746,87.6,8819.0,9190.9,1.042,0.23,3.6,9.93
Dinajpur,CL168,Dinajpur,Dinajpur,6.79,1643,0.768,0.433,0.149,0,0.768,0.8,90.9,8863.0,7790.9,0.879,-0.65,3.32,11.39
Rajshahi,CL212,Sardah,Rajshahi,7.96,1643,0.651,0.324,0.251,0,0.651,0.625,86.4,5387.0,5429.9,1.008,0.03,3.13,9.04
Barisal,CL258,Barisal,Barisal,9.13,1643,0.867,0.394,0.249,0,0.867,0.821,90.6,8493.0,8715.7,1.026,0.14,2.84,8.41
Ishurdi,CL184,Lalpur,Natore,10.35,1643,0.59,0.374,0.269,0,0.59,0.474,80.8,5940.0,6024.3,1.014,0.05,4.0,11.46
Mongla,CL516,Rampal,Bagerhat,11.36,1643,0.548,0.527,0.258,0,0.548,0.647,84.0,9211.0,11194.7,1.215,1.21,6.05,16.41
Nikli,CL61,Bajitpur,Kishoreganj,15.48,547,0.688,0.354,0.257,0,0.688,0.699,87.6,2931.0,3587.3,1.224,1.2,5.1,17.55
Rangamati,CL330,Rangunia,Chattogram,17.13,1643,0.602,0.492,0.396,0,0.602,0.642,83.0,9533.0,8908.2,0.934,-0.38,5.59,13.87
Tetulia,CL157,Bhithargarh,Panchagarh,18.09,912,0.612,0.554,0.364,0,0.612,0.785,89.5,8088.0,5084.1,0.629,-3.29,6.39,20.36
Hatiya,CL375,Ramgati,Lakshmipur,20.75,1521,0.53,0.381,0.412,0,0.53,0.632,81.5,12391.0,13495.9,1.089,0.73,8.41,18.65
Chandpur,CL52,Monoharpur,Chandpur,22.54,1643,0.501,0.304,0.231,0,0.501,0.499,78.6,8513.0,8751.8,1.028,0.15,5.99,16.09
Teknaf,CL322,Nakhyongochari,Bandarban,71.6,1277,0.491,0.529,0.327,0,0.491,0.51,79.1,10269.0,6255.8,0.609,-3.14,7.53,19.11
